,Name,New Code, code ,Groupping,Sweetness,L,A,B,density,Fatty,Total_protein,Total_sugar,Total_phenol,Total_Flavonoid,Antioxidant,caffeic_acid ,Caffeine,Chrogenic_acid , Trigonelline , Theobromine,K,Ca,Fe,Zn,Na,Mg,sucrose_maltose ,fluctose_arabinise,Lactic_acid,Malic_acid,Propionic_acid,Quinic_acid,Apartic_acid ,Serine, alanine,glycine,threonine, glutamic_acid,proline,lysine,histidine,arginine,valine,metheonine,tyrosine,isoleucine,leucine, phynylalanine,Tryptophan,adenosine
0,DC1,DC8001-1,F1,1,17.5,44.83,0.45,11.11,0.67,370.2,287.64,59.94,2.56,18.45,11.7,0.01,1.32,5.61,1.46,0.01,8366.91,138.79,32.28,17.34,56.77,1141.36,47.28,4.23,0.09,3.09,0.04,3.92,119.05,104.17,203.3,13.49,26.27,410.72,48.4,41.49,26.76,136.15,60.93,12.1,40.74,39.18,52.01,61.76,185.23,46.94
1,DC1,DC8001-2,F1,1,17.5,44.83,0.45,11.11,0.67,370.2,287.64,59.94,2.56,18.45,11.7,0.01,1.32,5.61,1.46,0.01,8366.91,138.79,32.28,17.34,56.77,1141.36,47.28,4.23,0.09,3.09,0.04,3.92,119.05,104.17,203.3,13.49,26.27,410.72,48.4,41.49,26.76,136.15,60.93,12.1,40.74,39.18,52.01,61.76,185.23,46.94
2,DC1,DC8001-3,F1,1,17.5,44.83,0.45,11.11,0.67,370.2,287.64,59.94,2.56,18.45,11.7,0.01,1.32,5.61,1.46,0.01,8366.91,138.79,32.28,17.34,56.77,1141.36,47.28,4.23,0.09,3.09,0.04,3.92,119.05,104.17,203.3,13.49,26.27,410.72,48.4,41.49,26.76,136.15,60.93,12.1,40.74,39.18,52.01,61.76,185.23,46.94
3,DC1,DC8001-4,F1,1,17.5,44.83,0.45,11.11,0.67,370.2,287.64,59.94,2.56,18.45,11.7,0.01,1.32,5.61,1.46,0.01,8366.91,138.79,32.28,17.34,56.77,1141.36,47.28,4.23,0.09,3.09,0.04,3.92,119.05,104.17,203.3,13.49,26.27,410.72,48.4,41.49,26.76,136.15,60.93,12.1,40.74,39.18,52.01,61.76,185.23,46.94
4,DC1,DC8001-5,F1,1,17.5,44.83,0.45,11.11,0.67,370.2,287.64,59.94,2.56,18.45,11.7,0.01,1.32,5.61,1.46,0.01,8366.91,138.79,32.28,17.34,56.77,1141.36,47.28,4.23,0.09,3.09,0.04,3.92,119.05,104.17,203.3,13.49,26.27,410.72,48.4,41.49,26.76,136.15,60.93,12.1,40.74,39.18,52.01,61.76,185.23,46.94
5,DC1,DC8001-6,F1,1,17.5,44.83,0.45,11.11,0.67,370.2,287.64,59.94,2.56,18.45,11.7,0.01,1.32,5.61,1.46,0.01,8366.91,138.79,32.28,17.34,56.77,1141.36,47.28,4.23,0.09,3.09,0.04,3.92,119.05,104.17,203.3,13.49,26.27,410.72,48.4,41.49,26.76,136.15,60.93,12.1,40.74,39.18,52.01,61.76,185.23,46.94
6,DC1,DC8001-7,F1,1,17.5,44.83,0.45,11.11,0.67,370.2,287.64,59.94,2.56,18.45,11.7,0.01,1.32,5.61,1.46,0.01,8366.91,138.79,32.28,17.34,56.77,1141.36,47.28,4.23,0.09,3.09,0.04,3.92,119.05,104.17,203.3,13.49,26.27,410.72,48.4,41.49,26.76,136.15,60.93,12.1,40.74,39.18,52.01,61.76,185.23,46.94
7,DC1,DC8001-8,F1,1,17.5,44.83,0.45,11.11,0.67,370.2,287.64,59.94,2.56,18.45,11.7,0.01,1.32,5.61,1.46,0.01,8366.91,138.79,32.28,17.34,56.77,1141.36,47.28,4.23,0.09,3.09,0.04,3.92,119.05,104.17,203.3,13.49,26.27,410.72,48.4,41.49,26.76,136.15,60.93,12.1,40.74,39.18,52.01,61.76,185.23,46.94
8,DC1,DC8001-9,F1,1,17.5,44.83,0.45,11.11,0.67,370.2,287.64,59.94,2.56,18.45,11.7,0.01,1.32,5.61,1.46,0.01,8366.91,138.79,32.28,17.34,56.77,1141.36,47.28,4.23,0.09,3.09,0.04,3.92,119.05,104.17,203.3,13.49,26.27,410.72,48.4,41.49,26.76,136.15,60.93,12.1,40.74,39.18,52.01,61.76,185.23,46.94
9,DC1,DC8001-10,F1,1,17.5,44.83,0.45,11.11,0.67,370.2,287.64,59.94,2.56,18.45,11.7,0.01,1.32,5.61,1.46,0.01,8366.91,138.79,32.28,17.34,56.77,1141.36,47.28,4.23,0.09,3.09,0.04,3.92,119.05,104.17,203.3,13.49,26.27,410.72,48.4,41.49,26.76,136.15,60.93,12.1,40.74,39.18,52.01,61.76,185.23,46.94
10,DC1,DC8001-11,F1,1,17.5,44.83,0.45,11.11,0.67,370.2,287.64,59.94,2.56,18.45,11.7,0.01,1.32,5.61,1.46,0.01,8366.91,138.79,32.28,17.34,56.77,1141.36,47.28,4.23,0.09,3.09,0.04,3.92,119.05,104.17,203.3,13.49,26.27,410.72,48.4,41.49,26.76,136.15,60.93,12.1,40.74,39.18,52.01,61.76,185.23,46.94
11,DC1,DC8001-12,F1,1,17.5,44.83,0.45,11.11,0.67,370.2,287.64,59.94,2.56,18.45,11.7,0.01,1.32,5.61,1.46,0.01,8366.91,138.79,32.28,17.34,56.77,1141.36,47.28,4.23,0.09,3.09,0.04,3.92,119.05,104.17,203.3,13.49,26.27,410.72,48.4,41.49,26.76,136.15,60.93,12.1,40.74,39.18,52.01,61.76,185.23,46.94
12,DC1,DC8001-13,F1,1,17.5,44.83,0.45,11.11,0.67,370.2,287.64,59.94,2.56,18.45,11.7,0.01,1.32,5.61,1.46,0.01,8366.91,138.79,32.28,17.34,56.77,1141.36,47.28,4.23,0.09,3.09,0.04,3.92,119.05,104.17,203.3,13.49,26.27,410.72,48.4,41.49,26.76,136.15,60.93,12.1,40.74,39.18,52.01,61.76,185.23,46.94
13,DC1,DC8001-14,F1,1,17.5,44.83,0.45,11.11,0.67,370.2,287.64,59.94,2.56,18.45,11.7,0.01,1.32,5.61,1.46,0.01,8366.91,138.79,32.28,17.34,56.77,1141.36,47.28,4.23,0.09,3.09,0.04,3.92,119.05,104.17,203.3,13.49,26.27,410.72,48.4,41.49,26.76,136.15,60.93,12.1,40.74,39.18,52.01,61.76,185.23,46.94
14,DC1,DC8001-15,F1,1,17.5,44.83,0.45,11.11,0.67,370.2,287.64,59.94,2.56,18.45,11.7,0.01,1.32,5.61,1.46,0.01,8366.91,138.79,32.28,17.34,56.77,1141.36,47.28,4.23,0.09,3.09,0.04,3.92,119.05,104.17,203.3,13.49,26.27,410.72,48.4,41.49,26.76,136.15,60.93,12.1,40.74,39.18,52.01,61.76,185.23,46.94
15,DC1,DC8001-16,F1,1,17.5,44.83,0.45,11.11,0.67,370.2,287.64,59.94,2.56,18.45,11.7,0.01,1.32,5.61,1.46,0.01,8366.91,138.79,32.28,17.34,56.77,1141.36,47.28,4.23,0.09,3.09,0.04,3.92,119.05,104.17,203.3,13.49,26.27,410.72,48.4,41.49,26.76,136.15,60.93,12.1,40.74,39.18,52.01,61.76,185.23,46.94
16,DC1,DC8001-17,F1,1,17.5,44.83,0.45,11.11,0.67,370.2,287.64,59.94,2.56,18.45,11.7,0.01,1.32,5.61,1.46,0.01,8366.91,138.79,32.28,17.34,56.77,1141.36,47.28,4.23,0.09,3.09,0.04,3.92,119.05,104.17,203.3,13.49,26.27,410.72,48.4,41.49,26.76,136.15,60.93,12.1,40.74,39.18,52.01,61.76,185.23,46.94
17,DC1,DC8001-18,F1,1,17.5,44.83,0.45,11.11,0.67,370.2,287.64,59.94,2.56,18.45,11.7,0.01,1.32,5.61,1.46,0.01,8366.91,138.79,32.28,17.34,56.77,1141.36,47.28,4.23,0.09,3.09,0.04,3.92,119.05,104.17,203.3,13.49,26.27,410.72,48.4,41.49,26.76,136.15,60.93,12.1,40.74,39.18,52.01,61.76,185.23,46.94
18,DC1,DC8001-19,F1,1,17.5,44.83,0.45,11.11,0.67,370.2,287.64,59.94,2.56,18.45,11.7,0.01,1.32,5.61,1.46,0.01,8366.91,138.79,32.28,17.34,56.77,1141.36,47.28,4.23,0.09,3.09,0.04,3.92,119.05,104.17,203.3,13.49,26.27,410.72,48.4,41.49,26.76,136.15,60.93,12.1,40.74,39.18,52.01,61.76,185.23,46.94
19,DC1,DC8001-20,F1,1,17.5,44.83,0.45,11.11,0.67,370.2,287.64,59.94,2.56,18.45,11.7,0.01,1.32,5.61,1.46,0.01,8366.91,138.79,32.28,17.34,56.77,1141.36,47.28,4.23,0.09,3.09,0.04,3.92,119.05,104.17,203.3,13.49,26.27,410.72,48.4,41.49,26.76,136.15,60.93,12.1,40.74,39.18,52.01,61.76,185.23,46.94
20,DC2,DC8002-1,F2,1,18.0,48.49,0.78,12.39,0.7,445.1,513.91,58.95,2.68,19.32,10.36,0.0,2.21,6.18,1.32,0.01,10049.52,161.14,17.54,19.82,84.7,1358.86,31.99,0.89,0.09,3.0,0.04,4.81,183.84,105.1,205.9,22.32,26.88,458.84,50.16,45.54,34.49,133.82,56.39,13.14,39.65,35.39,51.59,68.91,120.51,44.08
21,DC2,DC8002-2,F2,1,18.0,48.49,0.78,12.39,0.7,445.1,513.91,58.95,2.68,19.32,10.36,0.0,2.21,6.18,1.32,0.01,10049.52,161.14,17.54,19.82,84.7,1358.86,31.99,0.89,0.09,3.0,0.04,4.81,183.84,105.1,205.9,22.32,26.88,458.84,50.16,45.54,34.49,133.82,56.39,13.14,39.65,35.39,51.59,68.91,120.51,44.08
22,DC2,DC8002-3,F2,1,18.0,48.49,0.78,12.39,0.7,445.1,513.91,58.95,2.68,19.32,10.36,0.0,2.21,6.18,1.32,0.01,10049.52,161.14,17.54,19.82,84.7,1358.86,31.99,0.89,0.09,3.0,0.04,4.81,183.84,105.1,205.9,22.32,26.88,458.84,50.16,45.54,34.49,133.82,56.39,13.14,39.65,35.39,51.59,68.91,120.51,44.08
23,DC2,DC8002-4,F2,1,18.0,48.49,0.78,12.39,0.7,445.1,513.91,58.95,2.68,19.32,10.36,0.0,2.21,6.18,1.32,0.01,10049.52,161.14,17.54,19.82,84.7,1358.86,31.99,0.89,0.09,3.0,0.04,4.81,183.84,105.1,205.9,22.32,26.88,458.84,50.16,45.54,34.49,133.82,56.39,13.14,39.65,35.39,51.59,68.91,120.51,44.08
24,DC2,DC8002-5,F2,1,18.0,48.49,0.78,12.39,0.7,445.1,513.91,58.95,2.68,19.32,10.36,0.0,2.21,6.18,1.32,0.01,10049.52,161.14,17.54,19.82,84.7,1358.86,31.99,0.89,0.09,3.0,0.04,4.81,183.84,105.1,205.9,22.32,26.88,458.84,50.16,45.54,34.49,133.82,56.39,13.14,39.65,35.39,51.59,68.91,120.51,44.08
25,DC2,DC8002-6,F2,1,18.0,48.49,0.78,12.39,0.7,445.1,513.91,58.95,2.68,19.32,10.36,0.0,2.21,6.18,1.32,0.01,10049.52,161.14,17.54,19.82,84.7,1358.86,31.99,0.89,0.09,3.0,0.04,4.81,183.84,105.1,205.9,22.32,26.88,458.84,50.16,45.54,34.49,133.82,56.39,13.14,39.65,35.39,51.59,68.91,120.51,44.08
26,DC2,DC8002-7,F2,1,18.0,48.49,0.78,12.39,0.7,445.1,513.91,58.95,2.68,19.32,10.36,0.0,2.21,6.18,1.32,0.01,10049.52,161.14,17.54,19.82,84.7,1358.86,31.99,0.89,0.09,3.0,0.04,4.81,183.84,105.1,205.9,22.32,26.88,458.84,50.16,45.54,34.49,133.82,56.39,13.14,39.65,35.39,51.59,68.91,120.51,44.08
27,DC2,DC8002-8,F2,1,18.0,48.49,0.78,12.39,0.7,445.1,513.91,58.95,2.68,19.32,10.36,0.0,2.21,6.18,1.32,0.01,10049.52,161.14,17.54,19.82,84.7,1358.86,31.99,0.89,0.09,3.0,0.04,4.81,183.84,105.1,205.9,22.32,26.88,458.84,50.16,45.54,34.49,133.82,56.39,13.14,39.65,35.39,51.59,68.91,120.51,44.08
28,DC2,DC8002-9,F2,1,18.0,48.49,0.78,12.39,0.7,445.1,513.91,58.95,2.68,19.32,10.36,0.0,2.21,6.18,1.32,0.01,10049.52,161.14,17.54,19.82,84.7,1358.86,31.99,0.89,0.09,3.0,0.04,4.81,183.84,105.1,205.9,22.32,26.88,458.84,50.16,45.54,34.49,133.82,56.39,13.14,39.65,35.39,51.59,68.91,120.51,44.08
29,DC2,DC8002-10,F2,1,18.0,48.49,0.78,12.39,0.7,445.1,513.91,58.95,2.68,19.32,10.36,0.0,2.21,6.18,1.32,0.01,10049.52,161.14,17.54,19.82,84.7,1358.86,31.99,0.89,0.09,3.0,0.04,4.81,183.84,105.1,205.9,22.32,26.88,458.84,50.16,45.54,34.49,133.82,56.39,13.14,39.65,35.39,51.59,68.91,120.51,44.08
30,DC2,DC8002-11,F2,1,18.0,48.49,0.78,12.39,0.7,445.1,513.91,58.95,2.68,19.32,10.36,0.0,2.21,6.18,1.32,0.01,10049.52,161.14,17.54,19.82,84.7,1358.86,31.99,0.89,0.09,3.0,0.04,4.81,183.84,105.1,205.9,22.32,26.88,458.84,50.16,45.54,34.49,133.82,56.39,13.14,39.65,35.39,51.59,68.91,120.51,44.08
31,DC2,DC8002-12,F2,1,18.0,48.49,0.78,12.39,0.7,445.1,513.91,58.95,2.68,19.32,10.36,0.0,2.21,6.18,1.32,0.01,10049.52,161.14,17.54,19.82,84.7,1358.86,31.99,0.89,0.09,3.0,0.04,4.81,183.84,105.1,205.9,22.32,26.88,458.84,50.16,45.54,34.49,133.82,56.39,13.14,39.65,35.39,51.59,68.91,120.51,44.08
32,DC2,DC8002-13,F2,1,18.0,48.49,0.78,12.39,0.7,445.1,513.91,58.95,2.68,19.32,10.36,0.0,2.21,6.18,1.32,0.01,10049.52,161.14,17.54,19.82,84.7,1358.86,31.99,0.89,0.09,3.0,0.04,4.81,183.84,105.1,205.9,22.32,26.88,458.84,50.16,45.54,34.49,133.82,56.39,13.14,39.65,35.39,51.59,68.91,120.51,44.08
46,DC2R2,DC8002R2_1,F5,1,17.5,50.08,0.32,13.87,0.69,527.1,476.34,55.39,2.22,17.04,13.58,0.01,1.82,5.63,1.31,0.01,13242.26,203.75,19.35,19.5,57.15,2208.34,25.16,0.5,0.12,2.37,0.04,4.69,285.04,173.42,436.41,42.72,42.51,213.27,66.16,63.24,50.94,238.63,67.78,12.58,45.88,44.12,67.03,83.85,345.83,57.23
47,DC2R2,DC8002R2_2,F5,1,17.5,50.08,0.32,13.87,0.69,527.1,476.34,55.39,2.22,17.04,13.58,0.01,1.82,5.63,1.31,0.01,13242.26,203.75,19.35,19.5,57.15,2208.34,25.16,0.5,0.12,2.37,0.04,4.69,285.04,173.42,436.41,42.72,42.51,213.27,66.16,63.24,50.94,238.63,67.78,12.58,45.88,44.12,67.03,83.85,345.83,57.23
48,DC2R2,DC8002R2_3,F5,1,17.5,50.08,0.32,13.87,0.69,527.1,476.34,55.39,2.22,17.04,13.58,0.01,1.82,5.63,1.31,0.01,13242.26,203.75,19.35,19.5,57.15,2208.34,25.16,0.5,0.12,2.37,0.04,4.69,285.04,173.42,436.41,42.72,42.51,213.27,66.16,63.24,50.94,238.63,67.78,12.58,45.88,44.12,67.03,83.85,345.83,57.23
49,DC2R2,DC8002R2_4,F5,1,17.5,50.08,0.32,13.87,0.69,527.1,476.34,55.39,2.22,17.04,13.58,0.01,1.82,5.63,1.31,0.01,13242.26,203.75,19.35,19.5,57.15,2208.34,25.16,0.5,0.12,2.37,0.04,4.69,285.04,173.42,436.41,42.72,42.51,213.27,66.16,63.24,50.94,238.63,67.78,12.58,45.88,44.12,67.03,83.85,345.83,57.23
50,DC2R2,DC8002R2_5,F5,1,17.5,50.08,0.32,13.87,0.69,527.1,476.34,55.39,2.22,17.04,13.58,0.01,1.82,5.63,1.31,0.01,13242.26,203.75,19.35,19.5,57.15,2208.34,25.16,0.5,0.12,2.37,0.04,4.69,285.04,173.42,436.41,42.72,42.51,213.27,66.16,63.24,50.94,238.63,67.78,12.58,45.88,44.12,67.03,83.85,345.83,57.23
51,DC3R2,DC12003R2-1,F6,1,18.0,52.24,1.5,9.94,0.67,512.6,501.94,50.53,2.71,19.59,9.17,0.02,1.73,6.15,1.36,0.02,17668.04,220.49,26.53,23.96,68.43,2417.68,31.38,0.54,0.08,2.91,0.05,4.87,186.6,115.09,308.78,31.78,36.17,251.71,61.13,47.51,37.08,147.28,68.01,16.79,35.32,45.3,62.95,85.83,129.9,49.82
52,DC3R2,DC12003R2-2,F6,1,18.0,52.24,1.5,9.94,0.67,512.6,501.94,50.53,2.71,19.59,9.17,0.02,1.73,6.15,1.36,0.02,17668.04,220.49,26.53,23.96,68.43,2417.68,31.38,0.54,0.08,2.91,0.05,4.87,186.6,115.09,308.78,31.78,36.17,251.71,61.13,47.51,37.08,147.28,68.01,16.79,35.32,45.3,62.95,85.83,129.9,49.82
53,DC3R2,DC12003R2-3,F6,1,18.0,52.24,1.5,9.94,0.67,512.6,501.94,50.53,2.71,19.59,9.17,0.02,1.73,6.15,1.36,0.02,17668.04,220.49,26.53,23.96,68.43,2417.68,31.38,0.54,0.08,2.91,0.05,4.87,186.6,115.09,308.78,31.78,36.17,251.71,61.13,47.51,37.08,147.28,68.01,16.79,35.32,45.3,62.95,85.83,129.9,49.82
54,DC3R2,DC12003R2-4,F6,1,18.0,52.24,1.5,9.94,0.67,512.6,501.94,50.53,2.71,19.59,9.17,0.02,1.73,6.15,1.36,0.02,17668.04,220.49,26.53,23.96,68.43,2417.68,31.38,0.54,0.08,2.91,0.05,4.87,186.6,115.09,308.78,31.78,36.17,251.71,61.13,47.51,37.08,147.28,68.01,16.79,35.32,45.3,62.95,85.83,129.9,49.82
55,DC3R2,DC12003R2-5,F6,1,18.0,52.24,1.5,9.94,0.67,512.6,501.94,50.53,2.71,19.59,9.17,0.02,1.73,6.15,1.36,0.02,17668.04,220.49,26.53,23.96,68.43,2417.68,31.38,0.54,0.08,2.91,0.05,4.87,186.6,115.09,308.78,31.78,36.17,251.71,61.13,47.51,37.08,147.28,68.01,16.79,35.32,45.3,62.95,85.83,129.9,49.82
56,DCkg1,DC1000-1200-E,F7,1,14.7,51.52,1.63,14.32,0.68,479.9,410.06,48.63,2.33,16.85,12.39,0.01,3.12,6.04,1.35,0.01,14636.09,241.04,20.83,19.93,56.49,2043.41,34.63,1.74,0.17,2.94,0.06,4.9,168.89,162.3,381.01,35.8,39.48,295.9,72.31,58.08,42.0,203.06,68.82,14.81,46.89,44.06,73.4,111.71,201.29,44.29
57,DCkg2,DC1300-1400-E,F7,1,18.0,50.38,0.68,13.83,0.68,507.3,458.04,71.44,3.16,23.18,12.79,0.0,2.73,6.3,1.48,0.01,13152.25,191.96,19.04,19.16,69.09,1364.1,29.54,1.01,0.15,3.26,0.06,4.34,159.83,137.65,349.53,32.33,33.9,273.65,69.87,46.28,39.57,152.9,63.08,14.15,39.83,40.35,63.63,103.69,174.19,54.13
58,DCkg3,DC1200-1300-W,F7,1,17.7,51.05,1.75,14.57,0.68,576.2,516.27,48.11,2.81,20.39,13.99,0.01,2.72,6.1,1.26,0.02,8461.41,159.95,17.6,18.61,55.88,1065.83,33.68,2.25,0.11,1.9,0.03,3.62,183.13,205.14,444.59,42.05,50.32,328.2,78.09,67.58,44.13,274.89,81.53,18.11,55.46,53.11,87.16,104.76,177.01,49.5
59,DCkg4,DC1300-1400-W,F7,1,14.3,49.55,1.9,14.84,0.68,457.8,459.0,57.27,2.74,19.49,12.38,0.0,1.75,5.99,1.33,0.02,13927.86,216.66,22.15,20.44,62.28,1832.75,37.19,1.62,0.11,2.23,0.03,3.32,128.62,98.69,214.25,23.06,21.22,195.27,46.95,32.95,28.25,108.6,45.46,9.74,26.03,28.62,44.94,54.61,142.12,22.63
60,PL1,PL8001-1,F8,4,19.0,50.9,1.65,11.76,0.64,378.3,650.85,43.91,2.18,14.94,12.21,0.0,1.07,5.71,1.09,0.0,14089.26,193.39,23.64,23.46,84.1,1690.27,39.79,0.65,0.12,4.04,0.07,3.67,230.12,137.55,385.42,47.87,42.28,300.02,66.49,55.53,42.02,285.45,86.09,18.12,45.5,57.43,86.25,98.51,141.27,49.22
61,PL1,PL8001-2,F8,4,19.0,50.9,1.65,11.76,0.64,378.3,650.85,43.91,2.18,14.94,12.21,0.0,1.07,5.71,1.09,0.0,14089.26,193.39,23.64,23.46,84.1,1690.27,39.79,0.65,0.12,4.04,0.07,3.67,230.12,137.55,385.42,47.87,42.28,300.02,66.49,55.53,42.02,285.45,86.09,18.12,45.5,57.43,86.25,98.51,141.27,49.22
62,PL1,PL8001-3,F8,4,19.0,50.9,1.65,11.76,0.64,378.3,650.85,43.91,2.18,14.94,12.21,0.0,1.07,5.71,1.09,0.0,14089.26,193.39,23.64,23.46,84.1,1690.27,39.79,0.65,0.12,4.04,0.07,3.67,230.12,137.55,385.42,47.87,42.28,300.02,66.49,55.53,42.02,285.45,86.09,18.12,45.5,57.43,86.25,98.51,141.27,49.22
63,PL1,PL8001-4,F8,4,19.0,50.9,1.65,11.76,0.64,378.3,650.85,43.91,2.18,14.94,12.21,0.0,1.07,5.71,1.09,0.0,14089.26,193.39,23.64,23.46,84.1,1690.27,39.79,0.65,0.12,4.04,0.07,3.67,230.12,137.55,385.42,47.87,42.28,300.02,66.49,55.53,42.02,285.45,86.09,18.12,45.5,57.43,86.25,98.51,141.27,49.22
64,PL2,PL8002-1,F9,4,18.0,52.55,1.32,13.48,0.69,519.7,556.92,72.7,2.84,19.52,11.31,0.01,1.76,6.28,1.39,0.0,13720.8,179.3,62.43,22.55,53.2,1773.07,44.29,1.04,0.08,3.05,0.05,3.68,140.18,82.63,277.57,29.12,31.05,193.31,53.57,31.66,29.02,106.59,63.33,14.32,34.84,39.8,66.6,84.3,73.25,46.22
65,PL2,PL8002-2,F9,4,18.0,52.55,1.32,13.48,0.69,519.7,556.92,72.7,2.84,19.52,11.31,0.01,1.76,6.28,1.39,0.0,13720.8,179.3,62.43,22.55,53.2,1773.07,44.29,1.04,0.08,3.05,0.05,3.68,140.18,82.63,277.57,29.12,31.05,193.31,53.57,31.66,29.02,106.59,63.33,14.32,34.84,39.8,66.6,84.3,73.25,46.22
66,PL2,PL8002-3,F9,4,18.0,52.55,1.32,13.48,0.69,519.7,556.92,72.7,2.84,19.52,11.31,0.01,1.76,6.28,1.39,0.0,13720.8,179.3,62.43,22.55,53.2,1773.07,44.29,1.04,0.08,3.05,0.05,3.68,140.18,82.63,277.57,29.12,31.05,193.31,53.57,31.66,29.02,106.59,63.33,14.32,34.84,39.8,66.6,84.3,73.25,46.22
67,PL2,PL8002-4,F9,4,18.0,52.55,1.32,13.48,0.69,519.7,556.92,72.7,2.84,19.52,11.31,0.01,1.76,6.28,1.39,0.0,13720.8,179.3,62.43,22.55,53.2,1773.07,44.29,1.04,0.08,3.05,0.05,3.68,140.18,82.63,277.57,29.12,31.05,193.31,53.57,31.66,29.02,106.59,63.33,14.32,34.84,39.8,66.6,84.3,73.25,46.22
68,PL3,PL8003-1,F10,4,15.0,52.86,2.21,14.19,0.68,555.1,683.59,84.63,3.45,22.85,14.23,0.01,3.16,7.0,1.49,0.0,20888.49,276.64,38.34,39.11,73.42,2911.59,36.99,1.55,0.1,3.15,0.06,3.62,126.84,81.89,213.03,32.0,27.22,188.96,59.23,40.4,31.33,145.16,63.62,15.02,40.23,40.82,71.32,82.73,113.64,45.23
69,PL3,PL8003-2,F10,4,15.0,52.86,2.21,14.19,0.68,555.1,683.59,84.63,3.45,22.85,14.23,0.01,3.16,7.0,1.49,0.0,20888.49,276.64,38.34,39.11,73.42,2911.59,36.99,1.55,0.1,3.15,0.06,3.62,126.84,81.89,213.03,32.0,27.22,188.96,59.23,40.4,31.33,145.16,63.62,15.02,40.23,40.82,71.32,82.73,113.64,45.23
70,PL3,PL8003-3,F10,4,15.0,52.86,2.21,14.19,0.68,555.1,683.59,84.63,3.45,22.85,14.23,0.01,3.16,7.0,1.49,0.0,20888.49,276.64,38.34,39.11,73.42,2911.59,36.99,1.55,0.1,3.15,0.06,3.62,126.84,81.89,213.03,32.0,27.22,188.96,59.23,40.4,31.33,145.16,63.62,15.02,40.23,40.82,71.32,82.73,113.64,45.23
71,PL3,PL8003-4,F10,4,15.0,52.86,2.21,14.19,0.68,555.1,683.59,84.63,3.45,22.85,14.23,0.01,3.16,7.0,1.49,0.0,20888.49,276.64,38.34,39.11,73.42,2911.59,36.99,1.55,0.1,3.15,0.06,3.62,126.84,81.89,213.03,32.0,27.22,188.96,59.23,40.4,31.33,145.16,63.62,15.02,40.23,40.82,71.32,82.73,113.64,45.23
72,PL4,PL8004-1,F11,4,17.0,55.67,1.48,12.41,0.7,526.9,517.19,64.48,2.66,19.26,13.48,0.02,2.89,6.99,1.55,0.0,13181.84,205.99,94.7,30.74,61.3,1221.98,39.64,0.73,0.1,2.74,0.04,3.24,54.12,34.11,89.98,17.22,15.1,91.31,32.67,20.36,21.07,53.48,34.67,7.59,19.51,21.35,33.69,47.02,62.27,30.24
73,PL4,PL8004-2,F11,4,17.0,55.67,1.48,12.41,0.7,526.9,517.19,64.48,2.66,19.26,13.48,0.02,2.89,6.99,1.55,0.0,13181.84,205.99,94.7,30.74,61.3,1221.98,39.64,0.73,0.1,2.74,0.04,3.24,54.12,34.11,89.98,17.22,15.1,91.31,32.67,20.36,21.07,53.48,34.67,7.59,19.51,21.35,33.69,47.02,62.27,30.24
74,PL4,PL8004-3,F11,4,17.0,55.67,1.48,12.41,0.7,526.9,517.19,64.48,2.66,19.26,13.48,0.02,2.89,6.99,1.55,0.0,13181.84,205.99,94.7,30.74,61.3,1221.98,39.64,0.73,0.1,2.74,0.04,3.24,54.12,34.11,89.98,17.22,15.1,91.31,32.67,20.36,21.07,53.48,34.67,7.59,19.51,21.35,33.69,47.02,62.27,30.24
75,PL4,PL8004-4,F11,4,17.0,55.67,1.48,12.41,0.7,526.9,517.19,64.48,2.66,19.26,13.48,0.02,2.89,6.99,1.55,0.0,13181.84,205.99,94.7,30.74,61.3,1221.98,39.64,0.73,0.1,2.74,0.04,3.24,54.12,34.11,89.98,17.22,15.1,91.31,32.67,20.36,21.07,53.48,34.67,7.59,19.51,21.35,33.69,47.02,62.27,30.24
76,PL5,PL8005-1,F12,4,17.0,58.14,0.66,15.54,0.65,585.1,532.33,61.61,3.04,22.28,10.49,0.03,1.47,6.51,1.46,0.01,12209.06,176.2,24.32,18.62,51.76,1417.6,29.64,0.53,0.1,2.88,0.04,3.69,134.06,74.38,229.59,24.98,28.73,245.48,51.85,38.49,31.16,112.37,53.56,14.06,33.64,33.25,58.19,135.77,102.45,54.19
77,PL5,PL8005-2,F12,4,17.0,58.14,0.66,15.54,0.65,585.1,532.33,61.61,3.04,22.28,10.49,0.03,1.47,6.51,1.46,0.01,12209.06,176.2,24.32,18.62,51.76,1417.6,29.64,0.53,0.1,2.88,0.04,3.69,134.06,74.38,229.59,24.98,28.73,245.48,51.85,38.49,31.16,112.37,53.56,14.06,33.64,33.25,58.19,135.77,102.45,54.19
80,PD1,PD10001-1,F14,4,15.3,57.59,2.03,13.95,0.69,569.8,746.81,80.91,2.99,21.57,14.41,0.02,2.23,6.53,1.4,0.0,9167.92,121.13,12.96,15.52,51.45,959.73,28.42,0.53,0.12,3.01,0.04,3.91,152.46,109.54,239.7,35.62,28.43,219.07,51.49,43.03,34.54,159.28,59.61,13.36,33.39,37.3,62.64,70.72,75.32,46.48
81,PD1,PD10001-2,F14,4,15.3,57.59,2.03,13.95,0.69,569.8,746.81,80.91,2.99,21.57,14.41,0.02,2.23,6.53,1.4,0.0,9167.92,121.13,12.96,15.52,51.45,959.73,28.42,0.53,0.12,3.01,0.04,3.91,152.46,109.54,239.7,35.62,28.43,219.07,51.49,43.03,34.54,159.28,59.61,13.36,33.39,37.3,62.64,70.72,75.32,46.48
82,PD1,PD10001-3,F14,4,15.3,57.59,2.03,13.95,0.69,569.8,746.81,80.91,2.99,21.57,14.41,0.02,2.23,6.53,1.4,0.0,9167.92,121.13,12.96,15.52,51.45,959.73,28.42,0.53,0.12,3.01,0.04,3.91,152.46,109.54,239.7,35.62,28.43,219.07,51.49,43.03,34.54,159.28,59.61,13.36,33.39,37.3,62.64,70.72,75.32,46.48
83,PD1,PD10001-4,F14,4,15.3,57.59,2.03,13.95,0.69,569.8,746.81,80.91,2.99,21.57,14.41,0.02,2.23,6.53,1.4,0.0,9167.92,121.13,12.96,15.52,51.45,959.73,28.42,0.53,0.12,3.01,0.04,3.91,152.46,109.54,239.7,35.62,28.43,219.07,51.49,43.03,34.54,159.28,59.61,13.36,33.39,37.3,62.64,70.72,75.32,46.48
84,PD1,PD10001-5,F14,4,15.3,57.59,2.03,13.95,0.69,569.8,746.81,80.91,2.99,21.57,14.41,0.02,2.23,6.53,1.4,0.0,9167.92,121.13,12.96,15.52,51.45,959.73,28.42,0.53,0.12,3.01,0.04,3.91,152.46,109.54,239.7,35.62,28.43,219.07,51.49,43.03,34.54,159.28,59.61,13.36,33.39,37.3,62.64,70.72,75.32,46.48
85,PD1,PD10001-6,F14,4,15.3,57.59,2.03,13.95,0.69,569.8,746.81,80.91,2.99,21.57,14.41,0.02,2.23,6.53,1.4,0.0,9167.92,121.13,12.96,15.52,51.45,959.73,28.42,0.53,0.12,3.01,0.04,3.91,152.46,109.54,239.7,35.62,28.43,219.07,51.49,43.03,34.54,159.28,59.61,13.36,33.39,37.3,62.64,70.72,75.32,46.48
86,PD1,PD10001-7,F14,4,15.3,57.59,2.03,13.95,0.69,569.8,746.81,80.91,2.99,21.57,14.41,0.02,2.23,6.53,1.4,0.0,9167.92,121.13,12.96,15.52,51.45,959.73,28.42,0.53,0.12,3.01,0.04,3.91,152.46,109.54,239.7,35.62,28.43,219.07,51.49,43.03,34.54,159.28,59.61,13.36,33.39,37.3,62.64,70.72,75.32,46.48
87,PD1,PD10001-8,F14,4,15.3,57.59,2.03,13.95,0.69,569.8,746.81,80.91,2.99,21.57,14.41,0.02,2.23,6.53,1.4,0.0,9167.92,121.13,12.96,15.52,51.45,959.73,28.42,0.53,0.12,3.01,0.04,3.91,152.46,109.54,239.7,35.62,28.43,219.07,51.49,43.03,34.54,159.28,59.61,13.36,33.39,37.3,62.64,70.72,75.32,46.48
88,PD2,PD10002-1,F15,4,14.0,50.86,1.85,13.12,0.67,550.6,780.7,88.2,1.82,12.75,13.94,0.02,1.98,6.31,1.5,0.01,11067.27,155.47,15.08,15.87,50.14,1307.14,34.93,1.49,0.11,3.69,0.05,4.52,130.67,84.36,251.57,37.31,33.38,243.79,57.87,48.32,35.16,154.24,64.59,16.34,42.88,40.3,74.26,92.21,138.15,57.29
89,PD2,PD10002-2,F15,4,14.0,50.86,1.85,13.12,0.67,550.6,780.7,88.2,1.82,12.75,13.94,0.02,1.98,6.31,1.5,0.01,11067.27,155.47,15.08,15.87,50.14,1307.14,34.93,1.49,0.11,3.69,0.05,4.52,130.67,84.36,251.57,37.31,33.38,243.79,57.87,48.32,35.16,154.24,64.59,16.34,42.88,40.3,74.26,92.21,138.15,57.29
90,PD2,PD10002-3,F15,4,14.0,50.86,1.85,13.12,0.67,550.6,780.7,88.2,1.82,12.75,13.94,0.02,1.98,6.31,1.5,0.01,11067.27,155.47,15.08,15.87,50.14,1307.14,34.93,1.49,0.11,3.69,0.05,4.52,130.67,84.36,251.57,37.31,33.38,243.79,57.87,48.32,35.16,154.24,64.59,16.34,42.88,40.3,74.26,92.21,138.15,57.29
91,PD2,PD10002-4,F15,4,14.0,50.86,1.85,13.12,0.67,550.6,780.7,88.2,1.82,12.75,13.94,0.02,1.98,6.31,1.5,0.01,11067.27,155.47,15.08,15.87,50.14,1307.14,34.93,1.49,0.11,3.69,0.05,4.52,130.67,84.36,251.57,37.31,33.38,243.79,57.87,48.32,35.16,154.24,64.59,16.34,42.88,40.3,74.26,92.21,138.15,57.29
92,PD2,PD10002-5,F15,4,14.0,50.86,1.85,13.12,0.67,550.6,780.7,88.2,1.82,12.75,13.94,0.02,1.98,6.31,1.5,0.01,11067.27,155.47,15.08,15.87,50.14,1307.14,34.93,1.49,0.11,3.69,0.05,4.52,130.67,84.36,251.57,37.31,33.38,243.79,57.87,48.32,35.16,154.24,64.59,16.34,42.88,40.3,74.26,92.21,138.15,57.29
93,PD2,PD10002-6,F15,4,14.0,50.86,1.85,13.12,0.67,550.6,780.7,88.2,1.82,12.75,13.94,0.02,1.98,6.31,1.5,0.01,11067.27,155.47,15.08,15.87,50.14,1307.14,34.93,1.49,0.11,3.69,0.05,4.52,130.67,84.36,251.57,37.31,33.38,243.79,57.87,48.32,35.16,154.24,64.59,16.34,42.88,40.3,74.26,92.21,138.15,57.29
94,PD3,PD10003-1,F16,4,17.3,55.58,0.7,13.01,0.66,640.0,686.31,68.32,2.38,17.01,14.29,0.02,2.15,6.17,1.48,0.01,8984.49,144.35,15.23,19.68,51.29,1084.25,40.53,0.87,0.15,3.1,0.04,3.87,164.47,108.13,286.83,31.43,33.27,248.36,54.82,50.75,35.74,258.19,58.71,15.48,37.27,34.31,70.36,84.66,146.07,49.1
95,PD3,PD10003-2,F16,4,17.3,55.58,0.7,13.01,0.66,640.0,686.31,68.32,2.38,17.01,14.29,0.02,2.15,6.17,1.48,0.01,8984.49,144.35,15.23,19.68,51.29,1084.25,40.53,0.87,0.15,3.1,0.04,3.87,164.47,108.13,286.83,31.43,33.27,248.36,54.82,50.75,35.74,258.19,58.71,15.48,37.27,34.31,70.36,84.66,146.07,49.1
96,PD3,PD10003-3,F16,4,17.3,55.58,0.7,13.01,0.66,640.0,686.31,68.32,2.38,17.01,14.29,0.02,2.15,6.17,1.48,0.01,8984.49,144.35,15.23,19.68,51.29,1084.25,40.53,0.87,0.15,3.1,0.04,3.87,164.47,108.13,286.83,31.43,33.27,248.36,54.82,50.75,35.74,258.19,58.71,15.48,37.27,34.31,70.36,84.66,146.07,49.1
97,PD3,PD10003-4,F16,4,17.3,55.58,0.7,13.01,0.66,640.0,686.31,68.32,2.38,17.01,14.29,0.02,2.15,6.17,1.48,0.01,8984.49,144.35,15.23,19.68,51.29,1084.25,40.53,0.87,0.15,3.1,0.04,3.87,164.47,108.13,286.83,31.43,33.27,248.36,54.82,50.75,35.74,258.19,58.71,15.48,37.27,34.31,70.36,84.66,146.07,49.1
98,PD3,PD10003-5,F16,4,17.3,55.58,0.7,13.01,0.66,640.0,686.31,68.32,2.38,17.01,14.29,0.02,2.15,6.17,1.48,0.01,8984.49,144.35,15.23,19.68,51.29,1084.25,40.53,0.87,0.15,3.1,0.04,3.87,164.47,108.13,286.83,31.43,33.27,248.36,54.82,50.75,35.74,258.19,58.71,15.48,37.27,34.31,70.36,84.66,146.07,49.1
99,PD3,PD10003-6,F16,4,17.3,55.58,0.7,13.01,0.66,640.0,686.31,68.32,2.38,17.01,14.29,0.02,2.15,6.17,1.48,0.01,8984.49,144.35,15.23,19.68,51.29,1084.25,40.53,0.87,0.15,3.1,0.04,3.87,164.47,108.13,286.83,31.43,33.27,248.36,54.82,50.75,35.74,258.19,58.71,15.48,37.27,34.31,70.36,84.66,146.07,49.1
100,PD4,PD10004-1,F17,4,17.7,52.76,1.85,13.6,0.67,504.9,806.48,70.64,1.52,10.48,13.73,0.02,1.82,5.95,1.19,0.0,11594.47,146.71,17.2,17.93,51.25,1344.09,39.13,2.33,0.08,3.78,0.06,4.62,250.15,140.74,349.14,41.26,38.68,294.64,64.12,53.58,45.87,374.81,74.62,16.15,43.66,46.82,82.69,92.5,145.94,44.84
101,PD4,PD10004-2,F17,4,17.7,52.76,1.85,13.6,0.67,504.9,806.48,70.64,1.52,10.48,13.73,0.02,1.82,5.95,1.19,0.0,11594.47,146.71,17.2,17.93,51.25,1344.09,39.13,2.33,0.08,3.78,0.06,4.62,250.15,140.74,349.14,41.26,38.68,294.64,64.12,53.58,45.87,374.81,74.62,16.15,43.66,46.82,82.69,92.5,145.94,44.84
102,PD4,PD10004-3,F17,4,17.7,52.76,1.85,13.6,0.67,504.9,806.48,70.64,1.52,10.48,13.73,0.02,1.82,5.95,1.19,0.0,11594.47,146.71,17.2,17.93,51.25,1344.09,39.13,2.33,0.08,3.78,0.06,4.62,250.15,140.74,349.14,41.26,38.68,294.64,64.12,53.58,45.87,374.81,74.62,16.15,43.66,46.82,82.69,92.5,145.94,44.84
103,PD4,PD10004-4,F17,4,17.7,52.76,1.85,13.6,0.67,504.9,806.48,70.64,1.52,10.48,13.73,0.02,1.82,5.95,1.19,0.0,11594.47,146.71,17.2,17.93,51.25,1344.09,39.13,2.33,0.08,3.78,0.06,4.62,250.15,140.74,349.14,41.26,38.68,294.64,64.12,53.58,45.87,374.81,74.62,16.15,43.66,46.82,82.69,92.5,145.94,44.84
104,PD4,PD10004-5,F17,4,17.7,52.76,1.85,13.6,0.67,504.9,806.48,70.64,1.52,10.48,13.73,0.02,1.82,5.95,1.19,0.0,11594.47,146.71,17.2,17.93,51.25,1344.09,39.13,2.33,0.08,3.78,0.06,4.62,250.15,140.74,349.14,41.26,38.68,294.64,64.12,53.58,45.87,374.81,74.62,16.15,43.66,46.82,82.69,92.5,145.94,44.84
105,PD4,PD10004-6,F17,4,17.7,52.76,1.85,13.6,0.67,504.9,806.48,70.64,1.52,10.48,13.73,0.02,1.82,5.95,1.19,0.0,11594.47,146.71,17.2,17.93,51.25,1344.09,39.13,2.33,0.08,3.78,0.06,4.62,250.15,140.74,349.14,41.26,38.68,294.64,64.12,53.58,45.87,374.81,74.62,16.15,43.66,46.82,82.69,92.5,145.94,44.84
110,PD6,PD10006-1,F19,4,20.0,51.56,1.88,13.79,0.66,554.9,788.41,69.57,1.76,12.28,13.75,0.01,3.05,6.84,1.5,0.0,7881.78,123.54,12.14,13.12,46.08,942.67,33.5,0.83,0.11,3.31,0.05,3.96,171.42,111.86,257.1,32.29,39.62,246.4,75.98,55.31,42.51,275.76,80.3,20.1,45.01,51.84,82.47,86.73,93.2,46.69
111,PD6,PD10006-2,F19,4,20.0,51.56,1.88,13.79,0.66,554.9,788.41,69.57,1.76,12.28,13.75,0.01,3.05,6.84,1.5,0.0,7881.78,123.54,12.14,13.12,46.08,942.67,33.5,0.83,0.11,3.31,0.05,3.96,171.42,111.86,257.1,32.29,39.62,246.4,75.98,55.31,42.51,275.76,80.3,20.1,45.01,51.84,82.47,86.73,93.2,46.69
112,PD6,PD10006-3,F19,4,20.0,51.56,1.88,13.79,0.66,554.9,788.41,69.57,1.76,12.28,13.75,0.01,3.05,6.84,1.5,0.0,7881.78,123.54,12.14,13.12,46.08,942.67,33.5,0.83,0.11,3.31,0.05,3.96,171.42,111.86,257.1,32.29,39.62,246.4,75.98,55.31,42.51,275.76,80.3,20.1,45.01,51.84,82.47,86.73,93.2,46.69
113,PD7,PD10007-1,F20,4,17.0,48.92,1.71,12.39,0.67,486.1,674.17,82.77,2.07,14.65,15.06,0.03,1.73,6.25,1.36,0.0,8686.64,119.12,12.63,15.76,49.0,973.69,28.23,1.43,0.1,3.26,0.06,4.28,129.99,51.98,228.26,26.84,22.91,155.71,43.08,31.83,28.81,123.11,52.07,13.14,28.4,31.33,55.11,65.51,111.5,33.49
114,PD7,PD10007-2,F20,4,17.0,48.92,1.71,12.39,0.67,486.1,674.17,82.77,2.07,14.65,15.06,0.03,1.73,6.25,1.36,0.0,8686.64,119.12,12.63,15.76,49.0,973.69,28.23,1.43,0.1,3.26,0.06,4.28,129.99,51.98,228.26,26.84,22.91,155.71,43.08,31.83,28.81,123.11,52.07,13.14,28.4,31.33,55.11,65.51,111.5,33.49
115,PD7,PD10007-3,F20,4,17.0,48.92,1.71,12.39,0.67,486.1,674.17,82.77,2.07,14.65,15.06,0.03,1.73,6.25,1.36,0.0,8686.64,119.12,12.63,15.76,49.0,973.69,28.23,1.43,0.1,3.26,0.06,4.28,129.99,51.98,228.26,26.84,22.91,155.71,43.08,31.83,28.81,123.11,52.07,13.14,28.4,31.33,55.11,65.51,111.5,33.49
116,PD7,PD10007-4,F20,4,17.0,48.92,1.71,12.39,0.67,486.1,674.17,82.77,2.07,14.65,15.06,0.03,1.73,6.25,1.36,0.0,8686.64,119.12,12.63,15.76,49.0,973.69,28.23,1.43,0.1,3.26,0.06,4.28,129.99,51.98,228.26,26.84,22.91,155.71,43.08,31.83,28.81,123.11,52.07,13.14,28.4,31.33,55.11,65.51,111.5,33.49
117,ML7001,ML7001-1,F21,5,15.0,56.02,0.7,15.48,0.69,323.8,607.55,55.04,1.99,14.03,13.04,0.02,0.99,6.31,1.49,0.01,9652.07,168.42,15.09,13.32,60.13,1224.59,28.14,0.0,0.1,2.67,0.02,3.58,90.6,54.91,176.8,22.23,22.3,130.1,40.9,31.48,28.55,132.51,39.93,10.07,22.56,23.31,37.91,53.3,78.37,21.01
118,ML7001,ML7001-2,F21,5,15.0,56.02,0.7,15.48,0.69,323.8,607.55,55.04,1.99,14.03,13.04,0.02,0.99,6.31,1.49,0.01,9652.07,168.42,15.09,13.32,60.13,1224.59,28.14,0.0,0.1,2.67,0.02,3.58,90.6,54.91,176.8,22.23,22.3,130.1,40.9,31.48,28.55,132.51,39.93,10.07,22.56,23.31,37.91,53.3,78.37,21.01
119,ML7001,ML7001-3,F21,5,15.0,56.02,0.7,15.48,0.69,323.8,607.55,55.04,1.99,14.03,13.04,0.02,0.99,6.31,1.49,0.01,9652.07,168.42,15.09,13.32,60.13,1224.59,28.14,0.0,0.1,2.67,0.02,3.58,90.6,54.91,176.8,22.23,22.3,130.1,40.9,31.48,28.55,132.51,39.93,10.07,22.56,23.31,37.91,53.3,78.37,21.01
120,ML7001,ML7001-4,F21,5,15.0,56.02,0.7,15.48,0.69,323.8,607.55,55.04,1.99,14.03,13.04,0.02,0.99,6.31,1.49,0.01,9652.07,168.42,15.09,13.32,60.13,1224.59,28.14,0.0,0.1,2.67,0.02,3.58,90.6,54.91,176.8,22.23,22.3,130.1,40.9,31.48,28.55,132.51,39.93,10.07,22.56,23.31,37.91,53.3,78.37,21.01
121,ML7001,ML7001-5,F21,5,15.0,56.02,0.7,15.48,0.69,323.8,607.55,55.04,1.99,14.03,13.04,0.02,0.99,6.31,1.49,0.01,9652.07,168.42,15.09,13.32,60.13,1224.59,28.14,0.0,0.1,2.67,0.02,3.58,90.6,54.91,176.8,22.23,22.3,130.1,40.9,31.48,28.55,132.51,39.93,10.07,22.56,23.31,37.91,53.3,78.37,21.01
126,ML8001,ML8001-1,F23,5,16.0,54.2,1.52,13.02,0.68,406.7,571.99,46.04,2.68,19.22,15.01,0.03,1.49,6.68,1.29,0.01,10792.79,160.19,14.9,13.14,48.44,1134.65,33.49,2.61,0.12,3.25,0.04,4.06,123.05,49.31,214.66,24.45,25.97,189.58,46.13,37.16,30.93,137.16,51.9,15.24,29.25,32.0,53.9,75.29,81.74,45.47
127,ML8001,ML8001-2,F23,5,16.0,54.2,1.52,13.02,0.68,406.7,571.99,46.04,2.68,19.22,15.01,0.03,1.49,6.68,1.29,0.01,10792.79,160.19,14.9,13.14,48.44,1134.65,33.49,2.61,0.12,3.25,0.04,4.06,123.05,49.31,214.66,24.45,25.97,189.58,46.13,37.16,30.93,137.16,51.9,15.24,29.25,32.0,53.9,75.29,81.74,45.47
128,ML8001,ML8001-3,F23,5,16.0,54.2,1.52,13.02,0.68,406.7,571.99,46.04,2.68,19.22,15.01,0.03,1.49,6.68,1.29,0.01,10792.79,160.19,14.9,13.14,48.44,1134.65,33.49,2.61,0.12,3.25,0.04,4.06,123.05,49.31,214.66,24.45,25.97,189.58,46.13,37.16,30.93,137.16,51.9,15.24,29.25,32.0,53.9,75.29,81.74,45.47
129,ML8001,ML8001-4,F23,5,16.0,54.2,1.52,13.02,0.68,406.7,571.99,46.04,2.68,19.22,15.01,0.03,1.49,6.68,1.29,0.01,10792.79,160.19,14.9,13.14,48.44,1134.65,33.49,2.61,0.12,3.25,0.04,4.06,123.05,49.31,214.66,24.45,25.97,189.58,46.13,37.16,30.93,137.16,51.9,15.24,29.25,32.0,53.9,75.29,81.74,45.47
130,ML8002,ML8002-1,F24,5,17.0,50.99,0.44,10.82,0.63,318.2,604.49,64.57,1.66,11.52,11.29,0.01,0.99,5.58,1.07,0.01,10770.44,138.84,16.84,16.76,41.84,1011.81,16.88,0.0,0.07,2.01,0.01,0.75,96.04,61.75,174.71,16.09,19.76,141.78,35.02,22.6,25.54,88.75,29.72,8.44,14.79,15.24,30.74,56.34,60.28,31.2
131,ML8002,ML8002-2,F24,5,17.0,50.99,0.44,10.82,0.63,318.2,604.49,64.57,1.66,11.52,11.29,0.01,0.99,5.58,1.07,0.01,10770.44,138.84,16.84,16.76,41.84,1011.81,16.88,0.0,0.07,2.01,0.01,0.75,96.04,61.75,174.71,16.09,19.76,141.78,35.02,22.6,25.54,88.75,29.72,8.44,14.79,15.24,30.74,56.34,60.28,31.2
132,ML8002,ML8002-3,F24,5,17.0,50.99,0.44,10.82,0.63,318.2,604.49,64.57,1.66,11.52,11.29,0.01,0.99,5.58,1.07,0.01,10770.44,138.84,16.84,16.76,41.84,1011.81,16.88,0.0,0.07,2.01,0.01,0.75,96.04,61.75,174.71,16.09,19.76,141.78,35.02,22.6,25.54,88.75,29.72,8.44,14.79,15.24,30.74,56.34,60.28,31.2
133,ML8002,ML8002-4,F24,5,17.0,50.99,0.44,10.82,0.63,318.2,604.49,64.57,1.66,11.52,11.29,0.01,0.99,5.58,1.07,0.01,10770.44,138.84,16.84,16.76,41.84,1011.81,16.88,0.0,0.07,2.01,0.01,0.75,96.04,61.75,174.71,16.09,19.76,141.78,35.02,22.6,25.54,88.75,29.72,8.44,14.79,15.24,30.74,56.34,60.28,31.2
134,ML8003,ML8003-1,F25,5,13.0,52.1,0.54,10.66,0.67,327.7,537.89,60.94,2.35,11.15,15.37,0.01,0.83,5.66,1.05,0.0,11859.01,167.24,19.72,25.93,48.64,1128.95,44.93,0.33,0.1,2.55,0.03,1.3,115.83,113.68,226.93,24.62,26.95,150.58,42.04,35.02,28.06,150.15,47.87,13.89,27.28,26.79,51.89,68.7,107.03,32.38
135,ML8003,ML8003-2,F25,5,13.0,52.1,0.54,10.66,0.67,327.7,537.89,60.94,2.35,11.15,15.37,0.01,0.83,5.66,1.05,0.0,11859.01,167.24,19.72,25.93,48.64,1128.95,44.93,0.33,0.1,2.55,0.03,1.3,115.83,113.68,226.93,24.62,26.95,150.58,42.04,35.02,28.06,150.15,47.87,13.89,27.28,26.79,51.89,68.7,107.03,32.38
136,ML8003,ML8003-3,F25,5,13.0,52.1,0.54,10.66,0.67,327.7,537.89,60.94,2.35,11.15,15.37,0.01,0.83,5.66,1.05,0.0,11859.01,167.24,19.72,25.93,48.64,1128.95,44.93,0.33,0.1,2.55,0.03,1.3,115.83,113.68,226.93,24.62,26.95,150.58,42.04,35.02,28.06,150.15,47.87,13.89,27.28,26.79,51.89,68.7,107.03,32.38
144,ML9001,ML9001-1,F28,5,16.0,54.76,1.51,13.67,0.69,350.0,507.58,44.13,2.99,14.36,15.29,0.0,1.0,5.97,1.41,0.01,8268.33,145.96,17.91,19.12,53.59,1590.71,36.0,1.32,0.06,2.28,0.03,1.72,92.55,55.07,210.01,24.65,29.67,136.71,48.11,41.81,30.01,145.43,60.91,15.67,41.61,39.63,67.74,77.79,284.27,34.54
145,ML9001,ML9001-2,F28,5,16.0,54.76,1.51,13.67,0.69,350.0,507.58,44.13,2.99,14.36,15.29,0.0,1.0,5.97,1.41,0.01,8268.33,145.96,17.91,19.12,53.59,1590.71,36.0,1.32,0.06,2.28,0.03,1.72,92.55,55.07,210.01,24.65,29.67,136.71,48.11,41.81,30.01,145.43,60.91,15.67,41.61,39.63,67.74,77.79,284.27,34.54
146,ML9001,ML9001-3,F28,5,16.0,54.76,1.51,13.67,0.69,350.0,507.58,44.13,2.99,14.36,15.29,0.0,1.0,5.97,1.41,0.01,8268.33,145.96,17.91,19.12,53.59,1590.71,36.0,1.32,0.06,2.28,0.03,1.72,92.55,55.07,210.01,24.65,29.67,136.71,48.11,41.81,30.01,145.43,60.91,15.67,41.61,39.63,67.74,77.79,284.27,34.54
147,ML9001,ML9001-4,F28,5,16.0,54.76,1.51,13.67,0.69,350.0,507.58,44.13,2.99,14.36,15.29,0.0,1.0,5.97,1.41,0.01,8268.33,145.96,17.91,19.12,53.59,1590.71,36.0,1.32,0.06,2.28,0.03,1.72,92.55,55.07,210.01,24.65,29.67,136.71,48.11,41.81,30.01,145.43,60.91,15.67,41.61,39.63,67.74,77.79,284.27,34.54
148,ML9001,ML9001-5,F28,5,16.0,54.76,1.51,13.67,0.69,350.0,507.58,44.13,2.99,14.36,15.29,0.0,1.0,5.97,1.41,0.01,8268.33,145.96,17.91,19.12,53.59,1590.71,36.0,1.32,0.06,2.28,0.03,1.72,92.55,55.07,210.01,24.65,29.67,136.71,48.11,41.81,30.01,145.43,60.91,15.67,41.61,39.63,67.74,77.79,284.27,34.54
149,ML9002 r2,ML9002-1,F29,5,15.5,53.22,1.01,13.8,0.7,313.1,679.7,27.43,2.27,10.75,14.81,0.03,1.74,6.44,1.22,0.01,11609.81,188.84,21.77,16.26,44.99,1458.09,43.97,0.23,0.05,1.1,0.0,0.83,69.52,51.68,179.59,18.33,17.88,74.5,33.82,23.21,23.71,68.34,35.62,9.47,20.88,20.72,37.38,52.2,153.31,17.54
150,ML9002 r2,ML9002-2,F29,5,15.5,53.22,1.01,13.8,0.7,313.1,679.7,27.43,2.27,10.75,14.81,0.03,1.74,6.44,1.22,0.01,11609.81,188.84,21.77,16.26,44.99,1458.09,43.97,0.23,0.05,1.1,0.0,0.83,69.52,51.68,179.59,18.33,17.88,74.5,33.82,23.21,23.71,68.34,35.62,9.47,20.88,20.72,37.38,52.2,153.31,17.54
151,ML9002 r2,ML9002-3,F29,5,15.5,53.22,1.01,13.8,0.7,313.1,679.7,27.43,2.27,10.75,14.81,0.03,1.74,6.44,1.22,0.01,11609.81,188.84,21.77,16.26,44.99,1458.09,43.97,0.23,0.05,1.1,0.0,0.83,69.52,51.68,179.59,18.33,17.88,74.5,33.82,23.21,23.71,68.34,35.62,9.47,20.88,20.72,37.38,52.2,153.31,17.54
152,ML9002 r2,ML9002-4,F29,5,15.5,53.22,1.01,13.8,0.7,313.1,679.7,27.43,2.27,10.75,14.81,0.03,1.74,6.44,1.22,0.01,11609.81,188.84,21.77,16.26,44.99,1458.09,43.97,0.23,0.05,1.1,0.0,0.83,69.52,51.68,179.59,18.33,17.88,74.5,33.82,23.21,23.71,68.34,35.62,9.47,20.88,20.72,37.38,52.2,153.31,17.54
153,ML9002 r2,ML9002-5,F29,5,15.5,53.22,1.01,13.8,0.7,313.1,679.7,27.43,2.27,10.75,14.81,0.03,1.74,6.44,1.22,0.01,11609.81,188.84,21.77,16.26,44.99,1458.09,43.97,0.23,0.05,1.1,0.0,0.83,69.52,51.68,179.59,18.33,17.88,74.5,33.82,23.21,23.71,68.34,35.62,9.47,20.88,20.72,37.38,52.2,153.31,17.54
154,ML9002 r2,ML9002-6,F29,5,15.5,53.22,1.01,13.8,0.7,313.1,679.7,27.43,2.27,10.75,14.81,0.03,1.74,6.44,1.22,0.01,11609.81,188.84,21.77,16.26,44.99,1458.09,43.97,0.23,0.05,1.1,0.0,0.83,69.52,51.68,179.59,18.33,17.88,74.5,33.82,23.21,23.71,68.34,35.62,9.47,20.88,20.72,37.38,52.2,153.31,17.54
155,PT1,PT12001-1,F30,2,12.0,52.31,0.94,12.87,0.65,562.9,362.76,62.42,2.57,12.32,13.67,0.02,2.37,5.9,1.14,0.01,8998.73,178.4,17.35,30.23,69.28,1068.97,34.7,2.88,0.13,1.97,0.03,3.63,129.02,134.07,270.67,31.42,35.5,175.29,61.33,51.28,34.45,176.95,72.78,17.55,51.62,46.03,78.2,96.36,155.5,36.0
156,PT1,PT12001-2,F30,2,12.0,52.31,0.94,12.87,0.65,562.9,362.76,62.42,2.57,12.32,13.67,0.02,2.37,5.9,1.14,0.01,8998.73,178.4,17.35,30.23,69.28,1068.97,34.7,2.88,0.13,1.97,0.03,3.63,129.02,134.07,270.67,31.42,35.5,175.29,61.33,51.28,34.45,176.95,72.78,17.55,51.62,46.03,78.2,96.36,155.5,36.0
157,PT1,PT12001-3,F30,2,12.0,52.31,0.94,12.87,0.65,562.9,362.76,62.42,2.57,12.32,13.67,0.02,2.37,5.9,1.14,0.01,8998.73,178.4,17.35,30.23,69.28,1068.97,34.7,2.88,0.13,1.97,0.03,3.63,129.02,134.07,270.67,31.42,35.5,175.29,61.33,51.28,34.45,176.95,72.78,17.55,51.62,46.03,78.2,96.36,155.5,36.0
158,PT1,PT12001-4,F30,2,12.0,52.31,0.94,12.87,0.65,562.9,362.76,62.42,2.57,12.32,13.67,0.02,2.37,5.9,1.14,0.01,8998.73,178.4,17.35,30.23,69.28,1068.97,34.7,2.88,0.13,1.97,0.03,3.63,129.02,134.07,270.67,31.42,35.5,175.29,61.33,51.28,34.45,176.95,72.78,17.55,51.62,46.03,78.2,96.36,155.5,36.0
159,PT1,PT12001-5,F30,2,12.0,52.31,0.94,12.87,0.65,562.9,362.76,62.42,2.57,12.32,13.67,0.02,2.37,5.9,1.14,0.01,8998.73,178.4,17.35,30.23,69.28,1068.97,34.7,2.88,0.13,1.97,0.03,3.63,129.02,134.07,270.67,31.42,35.5,175.29,61.33,51.28,34.45,176.95,72.78,17.55,51.62,46.03,78.2,96.36,155.5,36.0
160,PT1,PT12001-6,F30,2,12.0,52.31,0.94,12.87,0.65,562.9,362.76,62.42,2.57,12.32,13.67,0.02,2.37,5.9,1.14,0.01,8998.73,178.4,17.35,30.23,69.28,1068.97,34.7,2.88,0.13,1.97,0.03,3.63,129.02,134.07,270.67,31.42,35.5,175.29,61.33,51.28,34.45,176.95,72.78,17.55,51.62,46.03,78.2,96.36,155.5,36.0
161,PT1,PT12001-7,F30,2,12.0,52.31,0.94,12.87,0.65,562.9,362.76,62.42,2.57,12.32,13.67,0.02,2.37,5.9,1.14,0.01,8998.73,178.4,17.35,30.23,69.28,1068.97,34.7,2.88,0.13,1.97,0.03,3.63,129.02,134.07,270.67,31.42,35.5,175.29,61.33,51.28,34.45,176.95,72.78,17.55,51.62,46.03,78.2,96.36,155.5,36.0
162,PT2,PT12002-1,F31,2,17.0,54.44,0.56,12.57,0.68,565.4,320.53,51.35,2.65,12.74,13.63,0.01,1.35,5.61,1.06,0.0,9937.31,185.81,19.54,28.85,66.16,1137.44,41.42,0.83,0.11,2.28,0.03,3.67,141.6,152.53,337.08,35.23,46.34,191.56,81.72,56.95,47.99,226.37,83.79,17.33,59.24,51.41,82.74,126.11,161.52,40.48
163,PT2,PT12002-2,F31,2,17.0,54.44,0.56,12.57,0.68,565.4,320.53,51.35,2.65,12.74,13.63,0.01,1.35,5.61,1.06,0.0,9937.31,185.81,19.54,28.85,66.16,1137.44,41.42,0.83,0.11,2.28,0.03,3.67,141.6,152.53,337.08,35.23,46.34,191.56,81.72,56.95,47.99,226.37,83.79,17.33,59.24,51.41,82.74,126.11,161.52,40.48
164,PT2,PT12002-3,F31,2,17.0,54.44,0.56,12.57,0.68,565.4,320.53,51.35,2.65,12.74,13.63,0.01,1.35,5.61,1.06,0.0,9937.31,185.81,19.54,28.85,66.16,1137.44,41.42,0.83,0.11,2.28,0.03,3.67,141.6,152.53,337.08,35.23,46.34,191.56,81.72,56.95,47.99,226.37,83.79,17.33,59.24,51.41,82.74,126.11,161.52,40.48
165,PT3,PT12003-1,F32,2,18.0,50.7,1.62,13.68,0.66,484.9,557.32,37.04,2.99,14.41,13.17,0.01,1.9,5.79,1.12,0.01,10461.95,186.82,18.75,14.94,88.57,1190.05,41.02,0.4,0.08,2.68,0.04,1.85,164.58,169.11,369.41,39.03,44.45,168.51,68.3,56.63,40.15,204.97,82.93,17.66,54.67,49.34,85.25,104.3,178.14,43.23
166,PT3,PT12003-2,F32,2,18.0,50.7,1.62,13.68,0.66,484.9,557.32,37.04,2.99,14.41,13.17,0.01,1.9,5.79,1.12,0.01,10461.95,186.82,18.75,14.94,88.57,1190.05,41.02,0.4,0.08,2.68,0.04,1.85,164.58,169.11,369.41,39.03,44.45,168.51,68.3,56.63,40.15,204.97,82.93,17.66,54.67,49.34,85.25,104.3,178.14,43.23
167,PT3,PT12003-3,F32,2,18.0,50.7,1.62,13.68,0.66,484.9,557.32,37.04,2.99,14.41,13.17,0.01,1.9,5.79,1.12,0.01,10461.95,186.82,18.75,14.94,88.57,1190.05,41.02,0.4,0.08,2.68,0.04,1.85,164.58,169.11,369.41,39.03,44.45,168.51,68.3,56.63,40.15,204.97,82.93,17.66,54.67,49.34,85.25,104.3,178.14,43.23
168,PT3,PT12003-4,F32,2,18.0,50.7,1.62,13.68,0.66,484.9,557.32,37.04,2.99,14.41,13.17,0.01,1.9,5.79,1.12,0.01,10461.95,186.82,18.75,14.94,88.57,1190.05,41.02,0.4,0.08,2.68,0.04,1.85,164.58,169.11,369.41,39.03,44.45,168.51,68.3,56.63,40.15,204.97,82.93,17.66,54.67,49.34,85.25,104.3,178.14,43.23
169,PT3,PT12003-5,F32,2,18.0,50.7,1.62,13.68,0.66,484.9,557.32,37.04,2.99,14.41,13.17,0.01,1.9,5.79,1.12,0.01,10461.95,186.82,18.75,14.94,88.57,1190.05,41.02,0.4,0.08,2.68,0.04,1.85,164.58,169.11,369.41,39.03,44.45,168.51,68.3,56.63,40.15,204.97,82.93,17.66,54.67,49.34,85.25,104.3,178.14,43.23
170,PT4,PT12004-1,F33,2,20.0,49.97,0.38,13.76,0.68,539.9,440.35,94.15,2.75,13.24,14.29,0.02,2.05,6.03,1.31,0.0,19648.41,301.3,34.11,39.89,57.62,2410.89,28.19,0.72,0.03,1.28,0.0,0.72,157.17,136.53,294.31,29.58,40.89,227.01,63.97,46.04,41.2,199.03,65.49,14.04,43.94,40.08,65.36,89.28,122.84,33.97
171,PT4,PT12004-2,F33,2,20.0,49.97,0.38,13.76,0.68,539.9,440.35,94.15,2.75,13.24,14.29,0.02,2.05,6.03,1.31,0.0,19648.41,301.3,34.11,39.89,57.62,2410.89,28.19,0.72,0.03,1.28,0.0,0.72,157.17,136.53,294.31,29.58,40.89,227.01,63.97,46.04,41.2,199.03,65.49,14.04,43.94,40.08,65.36,89.28,122.84,33.97
172,PT4,PT12004-3,F33,2,20.0,49.97,0.38,13.76,0.68,539.9,440.35,94.15,2.75,13.24,14.29,0.02,2.05,6.03,1.31,0.0,19648.41,301.3,34.11,39.89,57.62,2410.89,28.19,0.72,0.03,1.28,0.0,0.72,157.17,136.53,294.31,29.58,40.89,227.01,63.97,46.04,41.2,199.03,65.49,14.04,43.94,40.08,65.36,89.28,122.84,33.97
173,PT4,PT12004-4,F33,2,20.0,49.97,0.38,13.76,0.68,539.9,440.35,94.15,2.75,13.24,14.29,0.02,2.05,6.03,1.31,0.0,19648.41,301.3,34.11,39.89,57.62,2410.89,28.19,0.72,0.03,1.28,0.0,0.72,157.17,136.53,294.31,29.58,40.89,227.01,63.97,46.04,41.2,199.03,65.49,14.04,43.94,40.08,65.36,89.28,122.84,33.97
174,PT4,PT12004-5,F33,2,20.0,49.97,0.38,13.76,0.68,539.9,440.35,94.15,2.75,13.24,14.29,0.02,2.05,6.03,1.31,0.0,19648.41,301.3,34.11,39.89,57.62,2410.89,28.19,0.72,0.03,1.28,0.0,0.72,157.17,136.53,294.31,29.58,40.89,227.01,63.97,46.04,41.2,199.03,65.49,14.04,43.94,40.08,65.36,89.28,122.84,33.97
175,PT5,PT12005-1,F34,2,17.0,46.79,1.58,12.58,0.68,561.5,506.24,67.63,2.54,12.21,13.08,0.02,2.2,5.83,1.27,0.02,7989.41,170.59,14.12,24.35,62.12,981.74,33.4,0.82,0.1,2.25,0.03,1.69,142.04,151.9,380.09,32.49,35.66,202.76,73.91,62.3,40.96,197.86,89.69,20.69,59.28,57.3,88.41,107.37,246.33,36.83
176,PT5,PT12005-2,F34,2,17.0,46.79,1.58,12.58,0.68,561.5,506.24,67.63,2.54,12.21,13.08,0.02,2.2,5.83,1.27,0.02,7989.41,170.59,14.12,24.35,62.12,981.74,33.4,0.82,0.1,2.25,0.03,1.69,142.04,151.9,380.09,32.49,35.66,202.76,73.91,62.3,40.96,197.86,89.69,20.69,59.28,57.3,88.41,107.37,246.33,36.83
177,PT5,PT12005-3,F34,2,17.0,46.79,1.58,12.58,0.68,561.5,506.24,67.63,2.54,12.21,13.08,0.02,2.2,5.83,1.27,0.02,7989.41,170.59,14.12,24.35,62.12,981.74,33.4,0.82,0.1,2.25,0.03,1.69,142.04,151.9,380.09,32.49,35.66,202.76,73.91,62.3,40.96,197.86,89.69,20.69,59.28,57.3,88.41,107.37,246.33,36.83
178,PT5,PT12005-4,F34,2,17.0,46.79,1.58,12.58,0.68,561.5,506.24,67.63,2.54,12.21,13.08,0.02,2.2,5.83,1.27,0.02,7989.41,170.59,14.12,24.35,62.12,981.74,33.4,0.82,0.1,2.25,0.03,1.69,142.04,151.9,380.09,32.49,35.66,202.76,73.91,62.3,40.96,197.86,89.69,20.69,59.28,57.3,88.41,107.37,246.33,36.83
179,PT5,PT12005-5,F34,2,17.0,46.79,1.58,12.58,0.68,561.5,506.24,67.63,2.54,12.21,13.08,0.02,2.2,5.83,1.27,0.02,7989.41,170.59,14.12,24.35,62.12,981.74,33.4,0.82,0.1,2.25,0.03,1.69,142.04,151.9,380.09,32.49,35.66,202.76,73.91,62.3,40.96,197.86,89.69,20.69,59.28,57.3,88.41,107.37,246.33,36.83
180,PC1,PC12001-1,F35,3,15.7,51.9,1.25,14.07,0.68,483.3,299.78,64.93,2.69,12.98,12.92,0.01,1.92,5.91,1.13,0.01,9781.71,159.96,12.3,10.13,47.28,966.84,31.09,2.16,0.11,3.1,0.04,1.81,177.92,151.69,365.09,37.35,48.05,265.14,71.93,63.33,48.83,254.0,84.85,18.22,54.98,56.25,92.59,111.72,157.8,40.23
181,PC2,PC12002-1,F36,3,15.0,50.62,1.16,13.88,0.7,520.5,389.15,53.59,2.46,11.88,10.1,0.01,1.17,5.06,0.95,0.0,8040.88,140.62,12.32,14.17,28.97,713.15,35.1,1.02,0.05,1.31,0.01,0.93,65.69,50.63,122.05,19.76,13.7,72.55,28.82,19.78,22.01,54.11,32.81,6.99,17.37,18.94,35.62,41.34,61.41,5.71
182,PC3,PC12003-1,F37,3,14.3,51.37,1.38,13.92,0.67,589.4,405.87,72.32,3.09,14.88,14.3,0.02,1.88,6.59,1.46,0.01,8233.78,110.94,10.31,7.16,16.93,798.43,34.68,0.42,0.08,2.21,0.04,2.44,134.45,134.87,297.86,33.73,35.33,181.64,56.76,48.82,35.99,165.21,71.28,15.65,51.85,45.47,80.94,129.84,321.67,34.53
183,PC3,PC12003-2,F37,3,14.3,51.37,1.38,13.92,0.67,589.4,405.87,72.32,3.09,14.88,14.3,0.02,1.88,6.59,1.46,0.01,8233.78,110.94,10.31,7.16,16.93,798.43,34.68,0.42,0.08,2.21,0.04,2.44,134.45,134.87,297.86,33.73,35.33,181.64,56.76,48.82,35.99,165.21,71.28,15.65,51.85,45.47,80.94,129.84,321.67,34.53
184,PC3,PC12003-3,F37,3,14.3,51.37,1.38,13.92,0.67,589.4,405.87,72.32,3.09,14.88,14.3,0.02,1.88,6.59,1.46,0.01,8233.78,110.94,10.31,7.16,16.93,798.43,34.68,0.42,0.08,2.21,0.04,2.44,134.45,134.87,297.86,33.73,35.33,181.64,56.76,48.82,35.99,165.21,71.28,15.65,51.85,45.47,80.94,129.84,321.67,34.53
185,PC3,PC12003-4,F37,3,14.3,51.37,1.38,13.92,0.67,589.4,405.87,72.32,3.09,14.88,14.3,0.02,1.88,6.59,1.46,0.01,8233.78,110.94,10.31,7.16,16.93,798.43,34.68,0.42,0.08,2.21,0.04,2.44,134.45,134.87,297.86,33.73,35.33,181.64,56.76,48.82,35.99,165.21,71.28,15.65,51.85,45.47,80.94,129.84,321.67,34.53
186,PC3,PC12003-5,F37,3,14.3,51.37,1.38,13.92,0.67,589.4,405.87,72.32,3.09,14.88,14.3,0.02,1.88,6.59,1.46,0.01,8233.78,110.94,10.31,7.16,16.93,798.43,34.68,0.42,0.08,2.21,0.04,2.44,134.45,134.87,297.86,33.73,35.33,181.64,56.76,48.82,35.99,165.21,71.28,15.65,51.85,45.47,80.94,129.84,321.67,34.53
187,PC3,PC12003-6,F37,3,14.3,51.37,1.38,13.92,0.67,589.4,405.87,72.32,3.09,14.88,14.3,0.02,1.88,6.59,1.46,0.01,8233.78,110.94,10.31,7.16,16.93,798.43,34.68,0.42,0.08,2.21,0.04,2.44,134.45,134.87,297.86,33.73,35.33,181.64,56.76,48.82,35.99,165.21,71.28,15.65,51.85,45.47,80.94,129.84,321.67,34.53
188,PC4,PC12004-1,F38,3,15.0,51.99,1.43,13.39,0.68,450.0,353.93,59.38,2.6,12.46,12.28,0.02,3.31,5.94,1.25,0.01,10043.15,147.98,11.23,8.04,15.37,869.74,31.83,2.25,0.08,2.16,0.04,1.76,173.92,129.12,344.08,33.49,38.94,274.06,66.01,55.14,50.2,270.47,77.19,16.61,50.6,49.13,82.38,144.67,275.95,30.31
189,PC4,PC12004-2,F38,3,15.0,51.99,1.43,13.39,0.68,450.0,353.93,59.38,2.6,12.46,12.28,0.02,3.31,5.94,1.25,0.01,10043.15,147.98,11.23,8.04,15.37,869.74,31.83,2.25,0.08,2.16,0.04,1.76,173.92,129.12,344.08,33.49,38.94,274.06,66.01,55.14,50.2,270.47,77.19,16.61,50.6,49.13,82.38,144.67,275.95,30.31
190,PC4,PC12004-3,F38,3,15.0,51.99,1.43,13.39,0.68,450.0,353.93,59.38,2.6,12.46,12.28,0.02,3.31,5.94,1.25,0.01,10043.15,147.98,11.23,8.04,15.37,869.74,31.83,2.25,0.08,2.16,0.04,1.76,173.92,129.12,344.08,33.49,38.94,274.06,66.01,55.14,50.2,270.47,77.19,16.61,50.6,49.13,82.38,144.67,275.95,30.31
191,PC4,PC12004-4,F38,3,15.0,51.99,1.43,13.39,0.68,450.0,353.93,59.38,2.6,12.46,12.28,0.02,3.31,5.94,1.25,0.01,10043.15,147.98,11.23,8.04,15.37,869.74,31.83,2.25,0.08,2.16,0.04,1.76,173.92,129.12,344.08,33.49,38.94,274.06,66.01,55.14,50.2,270.47,77.19,16.61,50.6,49.13,82.38,144.67,275.95,30.31
192,PTT1,PTT12001-1,F39,3,12.7,50.26,1.41,12.07,0.69,498.9,387.54,77.34,2.61,12.55,12.91,0.02,1.9,5.45,1.2,0.01,11637.52,220.33,16.28,9.85,30.91,1576.27,27.87,0.86,0.09,1.89,0.02,1.83,177.52,138.0,408.04,34.87,45.74,218.46,74.41,61.25,42.25,240.09,80.67,17.84,55.95,51.86,87.8,121.76,263.17,41.9
193,PTT1,PTT12001-2,F39,3,12.7,50.26,1.41,12.07,0.69,498.9,387.54,77.34,2.61,12.55,12.91,0.02,1.9,5.45,1.2,0.01,11637.52,220.33,16.28,9.85,30.91,1576.27,27.87,0.86,0.09,1.89,0.02,1.83,177.52,138.0,408.04,34.87,45.74,218.46,74.41,61.25,42.25,240.09,80.67,17.84,55.95,51.86,87.8,121.76,263.17,41.9
194,PTT1,PTT12001-3,F39,3,12.7,50.26,1.41,12.07,0.69,498.9,387.54,77.34,2.61,12.55,12.91,0.02,1.9,5.45,1.2,0.01,11637.52,220.33,16.28,9.85,30.91,1576.27,27.87,0.86,0.09,1.89,0.02,1.83,177.52,138.0,408.04,34.87,45.74,218.46,74.41,61.25,42.25,240.09,80.67,17.84,55.95,51.86,87.8,121.76,263.17,41.9
195,PTT1,PTT12001-4,F39,3,12.7,50.26,1.41,12.07,0.69,498.9,387.54,77.34,2.61,12.55,12.91,0.02,1.9,5.45,1.2,0.01,11637.52,220.33,16.28,9.85,30.91,1576.27,27.87,0.86,0.09,1.89,0.02,1.83,177.52,138.0,408.04,34.87,45.74,218.46,74.41,61.25,42.25,240.09,80.67,17.84,55.95,51.86,87.8,121.76,263.17,41.9
196,PTT1,PTT12001-5,F39,3,12.7,50.26,1.41,12.07,0.69,498.9,387.54,77.34,2.61,12.55,12.91,0.02,1.9,5.45,1.2,0.01,11637.52,220.33,16.28,9.85,30.91,1576.27,27.87,0.86,0.09,1.89,0.02,1.83,177.52,138.0,408.04,34.87,45.74,218.46,74.41,61.25,42.25,240.09,80.67,17.84,55.95,51.86,87.8,121.76,263.17,41.9
197,PTT2,PTT12002-1,F40,3,14.0,48.28,1.35,12.52,0.67,523.8,351.35,80.98,2.79,13.41,13.24,0.02,2.52,5.94,1.38,0.02,10960.88,199.21,16.51,11.86,85.97,1257.72,38.99,0.75,0.07,1.83,0.02,2.52,257.87,185.0,515.51,42.45,54.88,341.22,98.1,66.77,53.28,356.22,111.67,24.19,81.65,71.7,118.67,163.28,411.29,56.19
198,PTT2,PTT12002-2,F40,3,14.0,48.28,1.35,12.52,0.67,523.8,351.35,80.98,2.79,13.41,13.24,0.02,2.52,5.94,1.38,0.02,10960.88,199.21,16.51,11.86,85.97,1257.72,38.99,0.75,0.07,1.83,0.02,2.52,257.87,185.0,515.51,42.45,54.88,341.22,98.1,66.77,53.28,356.22,111.67,24.19,81.65,71.7,118.67,163.28,411.29,56.19
199,PTT2,PTT12002-3,F40,3,14.0,48.28,1.35,12.52,0.67,523.8,351.35,80.98,2.79,13.41,13.24,0.02,2.52,5.94,1.38,0.02,10960.88,199.21,16.51,11.86,85.97,1257.72,38.99,0.75,0.07,1.83,0.02,2.52,257.87,185.0,515.51,42.45,54.88,341.22,98.1,66.77,53.28,356.22,111.67,24.19,81.65,71.7,118.67,163.28,411.29,56.19
200,PTT2,PTT12002-4,F40,3,14.0,48.28,1.35,12.52,0.67,523.8,351.35,80.98,2.79,13.41,13.24,0.02,2.52,5.94,1.38,0.02,10960.88,199.21,16.51,11.86,85.97,1257.72,38.99,0.75,0.07,1.83,0.02,2.52,257.87,185.0,515.51,42.45,54.88,341.22,98.1,66.77,53.28,356.22,111.67,24.19,81.65,71.7,118.67,163.28,411.29,56.19
201,PTT2,PTT12002-5,F40,3,14.0,48.28,1.35,12.52,0.67,523.8,351.35,80.98,2.79,13.41,13.24,0.02,2.52,5.94,1.38,0.02,10960.88,199.21,16.51,11.86,85.97,1257.72,38.99,0.75,0.07,1.83,0.02,2.52,257.87,185.0,515.51,42.45,54.88,341.22,98.1,66.77,53.28,356.22,111.67,24.19,81.65,71.7,118.67,163.28,411.29,56.19
202,PTT3,PTT12003-1,F41,3,16.3,49.03,1.43,13.84,0.68,522.5,406.71,88.04,2.59,12.43,12.11,0.02,2.02,5.6,1.31,0.01,11290.96,207.56,23.01,15.45,35.81,2090.75,28.69,1.01,0.12,2.05,0.02,1.47,204.91,150.56,387.57,39.59,45.63,241.54,79.58,66.09,44.71,272.16,98.63,20.39,65.13,62.31,106.84,111.52,327.67,32.23
203,PTT3,PTT12003-2,F41,3,16.3,49.03,1.43,13.84,0.68,522.5,406.71,88.04,2.59,12.43,12.11,0.02,2.02,5.6,1.31,0.01,11290.96,207.56,23.01,15.45,35.81,2090.75,28.69,1.01,0.12,2.05,0.02,1.47,204.91,150.56,387.57,39.59,45.63,241.54,79.58,66.09,44.71,272.16,98.63,20.39,65.13,62.31,106.84,111.52,327.67,32.23
204,PTT3,PTT12003-3,F41,3,16.3,49.03,1.43,13.84,0.68,522.5,406.71,88.04,2.59,12.43,12.11,0.02,2.02,5.6,1.31,0.01,11290.96,207.56,23.01,15.45,35.81,2090.75,28.69,1.01,0.12,2.05,0.02,1.47,204.91,150.56,387.57,39.59,45.63,241.54,79.58,66.09,44.71,272.16,98.63,20.39,65.13,62.31,106.84,111.52,327.67,32.23
205,PTT3,PTT12003-4,F41,3,16.3,49.03,1.43,13.84,0.68,522.5,406.71,88.04,2.59,12.43,12.11,0.02,2.02,5.6,1.31,0.01,11290.96,207.56,23.01,15.45,35.81,2090.75,28.69,1.01,0.12,2.05,0.02,1.47,204.91,150.56,387.57,39.59,45.63,241.54,79.58,66.09,44.71,272.16,98.63,20.39,65.13,62.31,106.84,111.52,327.67,32.23
206,PTT3,PTT12003-5,F41,3,16.3,49.03,1.43,13.84,0.68,522.5,406.71,88.04,2.59,12.43,12.11,0.02,2.02,5.6,1.31,0.01,11290.96,207.56,23.01,15.45,35.81,2090.75,28.69,1.01,0.12,2.05,0.02,1.47,204.91,150.56,387.57,39.59,45.63,241.54,79.58,66.09,44.71,272.16,98.63,20.39,65.13,62.31,106.84,111.52,327.67,32.23
207,PTT4,PTT12004-1,F42,3,14.0,47.96,1.29,11.95,0.67,525.2,475.59,58.57,2.14,10.18,13.7,0.02,2.74,6.07,1.39,0.01,9141.82,159.94,14.63,12.8,50.66,1190.26,30.11,1.89,0.06,1.69,0.02,2.43,173.28,135.37,347.17,39.68,48.97,181.05,64.95,70.04,43.58,306.66,83.51,18.64,61.37,55.3,96.72,108.66,304.93,35.12
208,PTT4,PTT12004-2,F42,3,14.0,47.96,1.29,11.95,0.67,525.2,475.59,58.57,2.14,10.18,13.7,0.02,2.74,6.07,1.39,0.01,9141.82,159.94,14.63,12.8,50.66,1190.26,30.11,1.89,0.06,1.69,0.02,2.43,173.28,135.37,347.17,39.68,48.97,181.05,64.95,70.04,43.58,306.66,83.51,18.64,61.37,55.3,96.72,108.66,304.93,35.12
209,PTT4,PTT12004-3,F42,3,14.0,47.96,1.29,11.95,0.67,525.2,475.59,58.57,2.14,10.18,13.7,0.02,2.74,6.07,1.39,0.01,9141.82,159.94,14.63,12.8,50.66,1190.26,30.11,1.89,0.06,1.69,0.02,2.43,173.28,135.37,347.17,39.68,48.97,181.05,64.95,70.04,43.58,306.66,83.51,18.64,61.37,55.3,96.72,108.66,304.93,35.12
210,PTT4,PTT12004-4,F42,3,14.0,47.96,1.29,11.95,0.67,525.2,475.59,58.57,2.14,10.18,13.7,0.02,2.74,6.07,1.39,0.01,9141.82,159.94,14.63,12.8,50.66,1190.26,30.11,1.89,0.06,1.69,0.02,2.43,173.28,135.37,347.17,39.68,48.97,181.05,64.95,70.04,43.58,306.66,83.51,18.64,61.37,55.3,96.72,108.66,304.93,35.12
211,PTT4,PTT12004-5,F42,3,14.0,47.96,1.29,11.95,0.67,525.2,475.59,58.57,2.14,10.18,13.7,0.02,2.74,6.07,1.39,0.01,9141.82,159.94,14.63,12.8,50.66,1190.26,30.11,1.89,0.06,1.69,0.02,2.43,173.28,135.37,347.17,39.68,48.97,181.05,64.95,70.04,43.58,306.66,83.51,18.64,61.37,55.3,96.72,108.66,304.93,35.12
214,KN2,KN-10002-1,F44,6,17.0,51.37,0.74,12.03,0.63,339.6,514.96,54.63,2.06,9.7,14.65,0.02,1.96,5.55,1.27,0.01,16680.44,207.34,21.51,12.21,36.28,1803.6,31.56,4.03,0.16,2.1,0.03,4.41,280.23,133.91,418.36,28.18,31.35,291.46,63.55,40.67,42.62,238.94,62.03,11.98,34.56,36.89,63.38,94.62,333.39,59.66
218,KN5,KN-10005-1,F47,6,14.0,53.25,1.88,14.65,0.64,315.7,360.46,55.99,1.43,6.61,13.16,0.03,1.87,6.18,1.33,0.01,12028.34,161.29,38.51,14.02,44.48,1160.37,29.11,0.48,0.16,2.07,0.04,3.6,216.07,179.06,408.53,38.01,46.04,314.91,70.8,47.56,46.25,238.47,85.37,10.04,46.69,54.53,83.88,159.57,346.01,50.42
220,BK1,BK-10001-1,F48,6,15.0,49.48,1.25,11.67,0.68,182.6,42.94,30.38,0.94,4.14,11.72,0.02,2.62,5.32,1.17,0.01,8322.9,121.85,10.84,8.88,16.49,773.86,32.1,0.37,0.14,1.91,0.03,4.28,254.84,185.4,417.97,25.97,44.1,457.11,63.88,54.16,37.02,381.68,71.67,13.42,40.63,45.78,74.05,152.09,312.51,72.94
221,BK1,BK-10001-2,F48,6,15.0,49.48,1.25,11.67,0.68,182.6,42.94,30.38,0.94,4.14,11.72,0.02,2.62,5.32,1.17,0.01,8322.9,121.85,10.84,8.88,16.49,773.86,32.1,0.37,0.14,1.91,0.03,4.28,254.84,185.4,417.97,25.97,44.1,457.11,63.88,54.16,37.02,381.68,71.67,13.42,40.63,45.78,74.05,152.09,312.51,72.94
222,BK1,BK-10001-3,F48,6,15.0,49.48,1.25,11.67,0.68,182.6,42.94,30.38,0.94,4.14,11.72,0.02,2.62,5.32,1.17,0.01,8322.9,121.85,10.84,8.88,16.49,773.86,32.1,0.37,0.14,1.91,0.03,4.28,254.84,185.4,417.97,25.97,44.1,457.11,63.88,54.16,37.02,381.68,71.67,13.42,40.63,45.78,74.05,152.09,312.51,72.94
223,BK2,BK-10002-1,F49,6,14.0,52.08,1.42,13.49,0.69,341.1,118.16,5.96,2.05,9.65,12.04,0.02,2.08,6.68,0.0,0.01,10342.82,155.63,11.05,9.42,15.26,1040.04,23.18,0.69,0.14,1.27,0.0,2.42,269.33,202.44,437.75,41.88,50.88,344.99,72.2,54.25,56.07,347.95,81.63,14.81,47.28,51.86,77.11,149.45,346.26,49.77
224,BK2,BK-10002-2,F49,6,14.0,52.08,1.42,13.49,0.69,341.1,118.16,5.96,2.05,9.65,12.04,0.02,2.08,6.68,0.0,0.01,10342.82,155.63,11.05,9.42,15.26,1040.04,23.18,0.69,0.14,1.27,0.0,2.42,269.33,202.44,437.75,41.88,50.88,344.99,72.2,54.25,56.07,347.95,81.63,14.81,47.28,51.86,77.11,149.45,346.26,49.77
225,BK3,BK-10003-1,F50,6,17.0,52.42,0.81,12.4,0.68,238.7,406.03,34.28,1.99,9.39,14.73,0.0,0.97,4.85,1.35,0.01,11837.77,179.04,15.56,10.14,31.81,1375.49,32.14,0.0,0.14,1.6,0.01,2.52,251.92,187.75,396.23,36.27,45.11,317.6,67.28,49.06,52.47,295.35,72.7,13.85,42.27,46.86,68.86,139.61,329.48,50.2
226,BK3,BK-10003-2,F50,6,17.0,52.42,0.81,12.4,0.68,238.7,406.03,34.28,1.99,9.39,14.73,0.0,0.97,4.85,1.35,0.01,11837.77,179.04,15.56,10.14,31.81,1375.49,32.14,0.0,0.14,1.6,0.01,2.52,251.92,187.75,396.23,36.27,45.11,317.6,67.28,49.06,52.47,295.35,72.7,13.85,42.27,46.86,68.86,139.61,329.48,50.2
227,BK3,BK-10003-3,F50,6,17.0,52.42,0.81,12.4,0.68,238.7,406.03,34.28,1.99,9.39,14.73,0.0,0.97,4.85,1.35,0.01,11837.77,179.04,15.56,10.14,31.81,1375.49,32.14,0.0,0.14,1.6,0.01,2.52,251.92,187.75,396.23,36.27,45.11,317.6,67.28,49.06,52.47,295.35,72.7,13.85,42.27,46.86,68.86,139.61,329.48,50.2
228,BK4,BK-10004-1,F51,6,17.0,46.73,0.76,12.34,0.66,373.3,314.57,41.88,2.3,10.94,13.91,0.03,2.74,6.16,1.39,0.01,11929.02,165.25,15.94,14.29,49.59,1189.49,28.28,2.53,0.11,1.85,0.0,3.3,212.84,179.87,498.0,44.81,51.81,306.89,64.91,62.72,53.1,307.22,89.49,12.25,57.68,59.28,100.47,139.04,403.13,55.01
229,BK4,BK-10004-2,F51,6,17.0,46.73,0.76,12.34,0.66,373.3,314.57,41.88,2.3,10.94,13.91,0.03,2.74,6.16,1.39,0.01,11929.02,165.25,15.94,14.29,49.59,1189.49,28.28,2.53,0.11,1.85,0.0,3.3,212.84,179.87,498.0,44.81,51.81,306.89,64.91,62.72,53.1,307.22,89.49,12.25,57.68,59.28,100.47,139.04,403.13,55.01
230,DL900,DL900,F53,3,16.0,55.93,1.59,14.01,0.64,337.7,220.94,33.16,2.99,14.38,13.27,0.02,1.7,5.63,1.38,0.01,11535.38,137.85,23.74,28.56,26.49,1130.12,35.06,0.71,0.09,2.18,0.02,1.49,245.36,162.14,362.94,35.5,44.32,477.02,78.41,43.49,45.36,222.45,89.64,15.34,42.08,54.29,72.41,103.74,205.76,54.87
231,DL1250,DL1250,F53,3,14.0,52.94,1.55,13.51,0.69,329.3,350.02,26.6,2.37,11.27,14.04,0.03,2.11,6.06,1.5,0.02,10923.41,148.49,57.65,28.38,27.03,1856.97,28.48,0.0,0.1,1.9,0.02,1.39,192.9,151.49,300.4,34.85,40.46,320.77,86.35,46.66,40.15,220.06,85.6,18.36,56.65,53.28,74.4,111.45,319.62,49.76
232,DL1400,DL1400,F53,3,15.0,52.06,1.29,14.17,0.67,456.0,335.5,32.83,2.25,10.66,13.46,0.01,2.22,6.35,1.5,0.01,11185.94,179.48,25.67,22.91,28.1,2035.95,25.41,1.1,0.08,1.31,0.0,1.1,155.31,164.11,310.09,34.53,36.99,211.65,77.6,39.69,35.19,151.06,75.88,14.73,45.28,46.88,68.03,93.62,148.09,46.9
